DB,Time
rds,0.089005260999838356
redshift,0.32259018499898957
redis,0.008631074002343789
dynamodb,0.1465341260045534
