DB,Time
rds,0.04270811699097976
redshift,0.030740076006622985
redis,0.8902687119989423
dynamodb,0.0328619169944432
