DB,Time
rds,0.489001020999185756
redshift,1.092259019285798957
redis,0.037618467802343789
dynamodb,1.9025341398645534
