DB,Time
rds,0.030266604997450486
redshift,0.02298785400489578
redis,0.918820858001709
dynamodb,1.1324126929976046
