DB,Time
rds,1.078485094003554
redshift,30.619667465005477
redis,0.9020421480017831
dynamodb,108.72453401600069
