DB,Time
rds,0.028921313510950616
redshift,0.11314917330175882
redis,0.00810921827388006
dynamodb,1.7109811568700554
