DB,Time
rds,0.028956604997450486
redshift,0.02230185400489578
redis,0.910010858001709
dynamodb,0.0234128929976046
