DB,Time
rds,0.029005260999838356
redshift,0.02259018499898957
redis,0.007956674002343789
dynamodb,1.1465341260045534
