DB,Time
rds,0.034321327999350615
redshift,0.11314590300025884
redis,0.00829622400488006
dynamodb,2.1748621560036554
