name,total_events,duplicates,unordered_events,duration
one,3486,0,3346,60.00015449523926
ten,6000,0,5226,60.00015449523926
